{
  "type": "FeatureCollection",
  "features": [
    {
      "type": "Feature",
      "properties": {
        "kind": "route",
        "name": "День 2 · Vajolet → Laurenzi → Langkofelhütte",
        "distance_km": 18.77,
        "ascent_m": 1540,
        "descent_m": 1524,
        "source": "BRouter / OpenStreetMap + mapped Via Ferrata Laurenzi geometry"
      },
      "geometry": {
        "type": "LineString",
        "coordinates": [
          [
            11.63288,
            46.458607,
            2241.5
          ],
          [
            11.63287,
            46.45869,
            2242.8
          ],
          [
            11.632885,
            46.458787,
            2244.3
          ],
          [
            11.632848,
            46.458847,
            2245.8
          ],
          [
            11.632792,
            46.458911,
            2247
          ],
          [
            11.632722,
            46.459233,
            2249.5
          ],
          [
            11.632616,
            46.459233,
            2250.8
          ],
          [
            11.632465,
            46.459179,
            2252.5
          ],
          [
            11.632111,
            46.459108,
            2255.3
          ],
          [
            11.632063,
            46.459208,
            2257.3
          ],
          [
            11.632017,
            46.459664,
            2266.5
          ],
          [
            11.632002,
            46.459816,
            2268.5
          ],
          [
            11.631971,
            46.459942,
            2270.5
          ],
          [
            11.631965,
            46.460069,
            2272.8
          ],
          [
            11.632004,
            46.460189,
            2273.8
          ],
          [
            11.63199,
            46.46038,
            2276.8
          ],
          [
            11.631941,
            46.460547,
            2279
          ],
          [
            11.631825,
            46.460726,
            2282
          ],
          [
            11.631711,
            46.46084,
            2286.5
          ],
          [
            11.631684,
            46.460889,
            2288.5
          ],
          [
            11.63169,
            46.461021,
            2290
          ],
          [
            11.631748,
            46.461079,
            2289.3
          ],
          [
            11.631819,
            46.461113,
            2288
          ],
          [
            11.631738,
            46.461149,
            2291.8
          ],
          [
            11.631732,
            46.461171,
            2293
          ],
          [
            11.631786,
            46.461189,
            2292
          ],
          [
            11.631741,
            46.46123,
            2295.3
          ],
          [
            11.631888,
            46.461678,
            2303.8
          ],
          [
            11.631872,
            46.461798,
            2306
          ],
          [
            11.631834,
            46.461864,
            2308.3
          ],
          [
            11.631831,
            46.461918,
            2309
          ],
          [
            11.631791,
            46.46197,
            2311.8
          ],
          [
            11.631776,
            46.46205,
            2314.3
          ],
          [
            11.631767,
            46.462193,
            2318.3
          ],
          [
            11.631811,
            46.462263,
            2319.3
          ],
          [
            11.631874,
            46.462286,
            2318.3
          ],
          [
            11.631939,
            46.462356,
            2318.8
          ],
          [
            11.63192,
            46.462602,
            2326.5
          ],
          [
            11.631948,
            46.46278,
            2328.8
          ],
          [
            11.632006,
            46.462962,
            2332
          ],
          [
            11.632008,
            46.463167,
            2337.5
          ],
          [
            11.632024,
            46.46332,
            2340.8
          ],
          [
            11.632048,
            46.463418,
            2343.3
          ],
          [
            11.632156,
            46.463572,
            2345.5
          ],
          [
            11.632199,
            46.463659,
            2347.3
          ],
          [
            11.632231,
            46.463812,
            2351.3
          ],
          [
            11.632306,
            46.464,
            2356.5
          ],
          [
            11.632346,
            46.464035,
            2357
          ],
          [
            11.632475,
            46.464074,
            2356.5
          ],
          [
            11.632426,
            46.464162,
            2359.8
          ],
          [
            11.632518,
            46.464351,
            2363
          ],
          [
            11.632555,
            46.464617,
            2370
          ],
          [
            11.632621,
            46.464871,
            2374
          ],
          [
            11.63266,
            46.464961,
            2375.5
          ],
          [
            11.632665,
            46.465063,
            2377.5
          ],
          [
            11.632537,
            46.465216,
            2379.8
          ],
          [
            11.632467,
            46.465349,
            2379.5
          ],
          [
            11.632373,
            46.465488,
            2379.5
          ],
          [
            11.632172,
            46.465666,
            2380
          ],
          [
            11.632057,
            46.465809,
            2381.8
          ],
          [
            11.631957,
            46.466376,
            2387.3
          ],
          [
            11.631909,
            46.466775,
            2391.5
          ],
          [
            11.631941,
            46.467004,
            2393.8
          ],
          [
            11.632081,
            46.467135,
            2396.8
          ],
          [
            11.632201,
            46.467178,
            2396.5
          ],
          [
            11.632266,
            46.467265,
            2399.5
          ],
          [
            11.632405,
            46.467409,
            2404
          ],
          [
            11.632625,
            46.467564,
            2407
          ],
          [
            11.632743,
            46.467601,
            2409.3
          ],
          [
            11.632891,
            46.467701,
            2410
          ],
          [
            11.633143,
            46.467911,
            2410.8
          ],
          [
            11.633233,
            46.46804,
            2412
          ],
          [
            11.633284,
            46.468236,
            2412.5
          ],
          [
            11.633258,
            46.468411,
            2413.3
          ],
          [
            11.633222,
            46.468518,
            2414.3
          ],
          [
            11.633214,
            46.468665,
            2415
          ],
          [
            11.633271,
            46.468876,
            2415.3
          ],
          [
            11.633178,
            46.468949,
            2418.3
          ],
          [
            11.633149,
            46.469066,
            2419.8
          ],
          [
            11.633192,
            46.469142,
            2419.3
          ],
          [
            11.633529,
            46.469456,
            2425.3
          ],
          [
            11.633599,
            46.469544,
            2428
          ],
          [
            11.633746,
            46.46964,
            2431
          ],
          [
            11.633848,
            46.469752,
            2433.5
          ],
          [
            11.63391,
            46.469883,
            2437.3
          ],
          [
            11.634094,
            46.47006,
            2441.5
          ],
          [
            11.6342,
            46.470197,
            2445.8
          ],
          [
            11.634339,
            46.470246,
            2448.3
          ],
          [
            11.634454,
            46.470193,
            2446.8
          ],
          [
            11.634552,
            46.470179,
            2447.8
          ],
          [
            11.634674,
            46.470256,
            2451.8
          ],
          [
            11.634849,
            46.470414,
            2458
          ],
          [
            11.634918,
            46.470505,
            2460.8
          ],
          [
            11.6349,
            46.470568,
            2462.3
          ],
          [
            11.634894,
            46.470727,
            2466.5
          ],
          [
            11.634875,
            46.470815,
            2469
          ],
          [
            11.635028,
            46.47087,
            2471.5
          ],
          [
            11.635084,
            46.470926,
            2474
          ],
          [
            11.635291,
            46.471024,
            2478.3
          ],
          [
            11.635428,
            46.471052,
            2478.5
          ],
          [
            11.635895,
            46.471255,
            2484.3
          ],
          [
            11.636081,
            46.471283,
            2485
          ],
          [
            11.636144,
            46.471302,
            2484
          ],
          [
            11.636142,
            46.471353,
            2484.5
          ],
          [
            11.636108,
            46.471401,
            2486.5
          ],
          [
            11.636146,
            46.471525,
            2491
          ],
          [
            11.636231,
            46.471655,
            2494
          ],
          [
            11.636253,
            46.471726,
            2496.5
          ],
          [
            11.636321,
            46.471877,
            2501.5
          ],
          [
            11.636418,
            46.471932,
            2502.3
          ],
          [
            11.636545,
            46.471989,
            2505.3
          ],
          [
            11.636657,
            46.472058,
            2508.5
          ],
          [
            11.636803,
            46.472081,
            2511
          ],
          [
            11.636871,
            46.472064,
            2511
          ],
          [
            11.636925,
            46.472025,
            2510.3
          ],
          [
            11.636988,
            46.472007,
            2511.3
          ],
          [
            11.637109,
            46.471953,
            2513.5
          ],
          [
            11.637163,
            46.471914,
            2514.3
          ],
          [
            11.637246,
            46.471905,
            2516.3
          ],
          [
            11.637441,
            46.472042,
            2520
          ],
          [
            11.637589,
            46.472109,
            2522.5
          ],
          [
            11.637646,
            46.472179,
            2524.5
          ],
          [
            11.637693,
            46.472223,
            2525.5
          ],
          [
            11.637728,
            46.472245,
            2526.3
          ],
          [
            11.637735,
            46.472286,
            2528
          ],
          [
            11.637612,
            46.472311,
            2529.8
          ],
          [
            11.637343,
            46.472392,
            2531.8
          ],
          [
            11.637436,
            46.472489,
            2536.3
          ],
          [
            11.637486,
            46.472573,
            2540
          ],
          [
            11.637497,
            46.472643,
            2542.5
          ],
          [
            11.637588,
            46.472713,
            2545
          ],
          [
            11.637667,
            46.472761,
            2546.8
          ],
          [
            11.637819,
            46.472824,
            2549.8
          ],
          [
            11.638145,
            46.473007,
            2554.5
          ],
          [
            11.638225,
            46.473082,
            2556.8
          ],
          [
            11.638333,
            46.473168,
            2559.3
          ],
          [
            11.638465,
            46.473308,
            2563.3
          ],
          [
            11.638873,
            46.473601,
            2576
          ],
          [
            11.639058,
            46.473712,
            2582
          ],
          [
            11.639179,
            46.473719,
            2583
          ],
          [
            11.639375,
            46.473635,
            2585.5
          ],
          [
            11.639446,
            46.473656,
            2588.8
          ],
          [
            11.639414,
            46.473777,
            2592.5
          ],
          [
            11.639324,
            46.473909,
            2595.3
          ],
          [
            11.639233,
            46.473976,
            2594.8
          ],
          [
            11.639144,
            46.474031,
            2594.8
          ],
          [
            11.639153,
            46.474103,
            2597
          ],
          [
            11.639056,
            46.474134,
            2599
          ],
          [
            11.638945,
            46.474082,
            2598.3
          ],
          [
            11.639056,
            46.474134,
            2599
          ],
          [
            11.639153,
            46.474103,
            2597
          ],
          [
            11.639325,
            46.474032,
            2599.8
          ],
          [
            11.639475,
            46.473955,
            2602.3
          ],
          [
            11.639694,
            46.473787,
            2606.3
          ],
          [
            11.639795,
            46.473736,
            2606.8
          ],
          [
            11.639924,
            46.473677,
            2607
          ],
          [
            11.640039,
            46.473668,
            2609.8
          ],
          [
            11.640161,
            46.473667,
            2613.5
          ],
          [
            11.640322,
            46.473536,
            2610.5
          ],
          [
            11.640537,
            46.473468,
            2612.5
          ],
          [
            11.640677,
            46.473196,
            2615
          ],
          [
            11.64086,
            46.473075,
            2620.3
          ],
          [
            11.640968,
            46.472952,
            2640.5
          ],
          [
            11.641049,
            46.472897,
            2646.3
          ],
          [
            11.641158,
            46.472666,
            2617.3
          ],
          [
            11.64126,
            46.472605,
            2622.8
          ],
          [
            11.641382,
            46.472591,
            2630
          ],
          [
            11.641447,
            46.472484,
            2629.8
          ],
          [
            11.641477,
            46.472372,
            2631.3
          ],
          [
            11.641564,
            46.472286,
            2635
          ],
          [
            11.641513,
            46.472163,
            2632.8
          ],
          [
            11.641491,
            46.472043,
            2634
          ],
          [
            11.641628,
            46.472006,
            2640.8
          ],
          [
            11.641678,
            46.47195,
            2644.3
          ],
          [
            11.641709,
            46.471829,
            2649.3
          ],
          [
            11.641843,
            46.471944,
            2652.8
          ],
          [
            11.641914,
            46.471931,
            2656.5
          ],
          [
            11.641956,
            46.471889,
            2659.5
          ],
          [
            11.642037,
            46.471876,
            2663.5
          ],
          [
            11.642109,
            46.47183,
            2667.8
          ],
          [
            11.642147,
            46.471788,
            2670.3
          ],
          [
            11.642263,
            46.471788,
            2675.8
          ],
          [
            11.642351,
            46.471723,
            2681.3
          ],
          [
            11.642392,
            46.471599,
            2686.8
          ],
          [
            11.642326,
            46.471489,
            2689
          ],
          [
            11.642275,
            46.471441,
            2689.3
          ],
          [
            11.642278,
            46.471407,
            2691
          ],
          [
            11.642303,
            46.471367,
            2694
          ],
          [
            11.642211,
            46.471214,
            2699
          ],
          [
            11.642173,
            46.471131,
            2703
          ],
          [
            11.642272,
            46.471133,
            2705.3
          ],
          [
            11.642446,
            46.471172,
            2709
          ],
          [
            11.642608,
            46.471238,
            2712.5
          ],
          [
            11.642651,
            46.471223,
            2715.3
          ],
          [
            11.642702,
            46.471125,
            2722
          ],
          [
            11.642729,
            46.471034,
            2723.5
          ],
          [
            11.642726,
            46.470934,
            2723.5
          ],
          [
            11.642948,
            46.470967,
            2733
          ],
          [
            11.64317,
            46.470926,
            2739.3
          ],
          [
            11.643385,
            46.470929,
            2751.8
          ],
          [
            11.64369,
            46.470856,
            2754.3
          ],
          [
            11.644054,
            46.470828,
            2755
          ],
          [
            11.644424,
            46.47073,
            2760.8
          ],
          [
            11.644749,
            46.470697,
            2762.8
          ],
          [
            11.644872,
            46.470717,
            2765
          ],
          [
            11.645051,
            46.470702,
            2765.3
          ],
          [
            11.645317,
            46.470713,
            2767.8
          ],
          [
            11.645676,
            46.470789,
            2768
          ],
          [
            11.645856,
            46.470997,
            2760.8
          ],
          [
            11.645929,
            46.471028,
            2758.3
          ],
          [
            11.645977,
            46.471109,
            2754.3
          ],
          [
            11.6459,
            46.471382,
            2749
          ],
          [
            11.645993,
            46.471525,
            2743.3
          ],
          [
            11.646076,
            46.471678,
            2737.5
          ],
          [
            11.64613,
            46.472303,
            2721.8
          ],
          [
            11.646281,
            46.472552,
            2714.3
          ],
          [
            11.646724,
            46.472402,
            2695.5
          ],
          [
            11.647208,
            46.472519,
            2681.8
          ],
          [
            11.647254,
            46.47262,
            2680.3
          ],
          [
            11.647412,
            46.472796,
            2679.3
          ],
          [
            11.647455,
            46.472886,
            2677.5
          ],
          [
            11.647493,
            46.473028,
            2673.8
          ],
          [
            11.647541,
            46.473119,
            2671.3
          ],
          [
            11.647691,
            46.473457,
            2658.8
          ],
          [
            11.647839,
            46.47361,
            2653
          ],
          [
            11.647857,
            46.473694,
            2649.3
          ],
          [
            11.647817,
            46.473749,
            2646.8
          ],
          [
            11.647761,
            46.473865,
            2643
          ],
          [
            11.647762,
            46.47398,
            2638.8
          ],
          [
            11.647882,
            46.474105,
            2629.5
          ],
          [
            11.64786,
            46.474264,
            2627.5
          ],
          [
            11.6479,
            46.474337,
            2625.8
          ],
          [
            11.647981,
            46.474321,
            2622.5
          ],
          [
            11.648067,
            46.474248,
            2619.3
          ],
          [
            11.648198,
            46.474196,
            2616
          ],
          [
            11.648269,
            46.474218,
            2613.5
          ],
          [
            11.64835,
            46.474216,
            2611.8
          ],
          [
            11.648464,
            46.474241,
            2611
          ],
          [
            11.648531,
            46.474267,
            2609.8
          ],
          [
            11.648621,
            46.474281,
            2609
          ],
          [
            11.64868,
            46.474326,
            2606.8
          ],
          [
            11.648671,
            46.474375,
            2603.5
          ],
          [
            11.648731,
            46.474425,
            2601
          ],
          [
            11.648749,
            46.474475,
            2598.3
          ],
          [
            11.64881,
            46.474524,
            2595.8
          ],
          [
            11.64878,
            46.474553,
            2594.3
          ],
          [
            11.648695,
            46.474603,
            2591.8
          ],
          [
            11.648768,
            46.474648,
            2589.3
          ],
          [
            11.648747,
            46.474691,
            2587
          ],
          [
            11.64871,
            46.474732,
            2585.5
          ],
          [
            11.64873,
            46.474767,
            2583.8
          ],
          [
            11.648803,
            46.474735,
            2584.3
          ],
          [
            11.648845,
            46.474704,
            2585.5
          ],
          [
            11.648971,
            46.474739,
            2583.3
          ],
          [
            11.649033,
            46.47481,
            2580
          ],
          [
            11.649193,
            46.474878,
            2576.8
          ],
          [
            11.649204,
            46.474965,
            2572.8
          ],
          [
            11.649257,
            46.474979,
            2571.5
          ],
          [
            11.649363,
            46.474972,
            2570.3
          ],
          [
            11.649411,
            46.475009,
            2568
          ],
          [
            11.649375,
            46.475039,
            2567
          ],
          [
            11.649291,
            46.475141,
            2563.5
          ],
          [
            11.649162,
            46.475204,
            2562.5
          ],
          [
            11.649152,
            46.475241,
            2560.8
          ],
          [
            11.64919,
            46.47526,
            2559.3
          ],
          [
            11.649159,
            46.475355,
            2558.5
          ],
          [
            11.64928,
            46.475427,
            2556
          ],
          [
            11.649335,
            46.475488,
            2554.5
          ],
          [
            11.649433,
            46.475556,
            2552
          ],
          [
            11.64958,
            46.4757,
            2549
          ],
          [
            11.649676,
            46.475776,
            2547.8
          ],
          [
            11.649745,
            46.475806,
            2547
          ],
          [
            11.649758,
            46.475851,
            2546.5
          ],
          [
            11.649844,
            46.475924,
            2545.5
          ],
          [
            11.650013,
            46.475985,
            2544.5
          ],
          [
            11.650307,
            46.476055,
            2540.3
          ],
          [
            11.650635,
            46.476166,
            2537.5
          ],
          [
            11.650893,
            46.476306,
            2533.8
          ],
          [
            11.651177,
            46.476532,
            2531
          ],
          [
            11.651563,
            46.476694,
            2528.5
          ],
          [
            11.651595,
            46.476727,
            2528.5
          ],
          [
            11.651821,
            46.476816,
            2526.8
          ],
          [
            11.652188,
            46.477021,
            2524
          ],
          [
            11.652389,
            46.477126,
            2523
          ],
          [
            11.652448,
            46.477222,
            2522.3
          ],
          [
            11.652534,
            46.477326,
            2522.8
          ],
          [
            11.652711,
            46.477481,
            2521.3
          ],
          [
            11.652926,
            46.477607,
            2518.8
          ],
          [
            11.65329,
            46.477873,
            2517
          ],
          [
            11.653861,
            46.478127,
            2514
          ],
          [
            11.654021,
            46.478213,
            2513.5
          ],
          [
            11.654088,
            46.478276,
            2513.3
          ],
          [
            11.654667,
            46.478487,
            2510.5
          ],
          [
            11.654987,
            46.478519,
            2509.3
          ],
          [
            11.655125,
            46.478539,
            2509
          ],
          [
            11.65542,
            46.478632,
            2508.3
          ],
          [
            11.655114,
            46.478723,
            2509
          ],
          [
            11.654943,
            46.478749,
            2509.8
          ],
          [
            11.654818,
            46.478798,
            2511
          ],
          [
            11.654321,
            46.479139,
            2526.8
          ],
          [
            11.654169,
            46.479235,
            2533
          ],
          [
            11.654123,
            46.479324,
            2537.5
          ],
          [
            11.654158,
            46.479426,
            2542
          ],
          [
            11.654181,
            46.479572,
            2549
          ],
          [
            11.654175,
            46.479638,
            2552.5
          ],
          [
            11.654006,
            46.479756,
            2561.3
          ],
          [
            11.653819,
            46.479845,
            2569.3
          ],
          [
            11.65365,
            46.479891,
            2573.3
          ],
          [
            11.653459,
            46.479901,
            2649.3
          ],
          [
            11.653357,
            46.479957,
            2653.5
          ],
          [
            11.653315,
            46.480015,
            2657.8
          ],
          [
            11.653323,
            46.480074,
            2662.1
          ],
          [
            11.653282,
            46.480136,
            2666.4
          ],
          [
            11.653084,
            46.480288,
            2670.6
          ],
          [
            11.652898,
            46.480387,
            2674.9
          ],
          [
            11.652719,
            46.480565,
            2679.2
          ],
          [
            11.65259,
            46.480628,
            2683.4
          ],
          [
            11.652434,
            46.480722,
            2687.7
          ],
          [
            11.652249,
            46.480778,
            2692
          ],
          [
            11.652074,
            46.480847,
            2696.3
          ],
          [
            11.651924,
            46.480884,
            2700.5
          ],
          [
            11.651792,
            46.481026,
            2704.8
          ],
          [
            11.651751,
            46.481086,
            2709.1
          ],
          [
            11.651764,
            46.481174,
            2713.3
          ],
          [
            11.651764,
            46.481214,
            2717.6
          ],
          [
            11.651695,
            46.481214,
            2721.9
          ],
          [
            11.651616,
            46.481204,
            2726.1
          ],
          [
            11.651587,
            46.481273,
            2730.4
          ],
          [
            11.651642,
            46.481322,
            2734.7
          ],
          [
            11.651728,
            46.481365,
            2743.2
          ],
          [
            11.651716,
            46.481443,
            2747.5
          ],
          [
            11.65173,
            46.481537,
            2751.8
          ],
          [
            11.651753,
            46.481611,
            2756
          ],
          [
            11.651707,
            46.481664,
            2760.3
          ],
          [
            11.651582,
            46.481727,
            2764.6
          ],
          [
            11.651395,
            46.481871,
            2768.9
          ],
          [
            11.651324,
            46.481958,
            2773.1
          ],
          [
            11.651194,
            46.481998,
            2777.4
          ],
          [
            11.651117,
            46.482209,
            2781.7
          ],
          [
            11.651039,
            46.482302,
            2785.9
          ],
          [
            11.651049,
            46.482351,
            2790.2
          ],
          [
            11.651155,
            46.482368,
            2794.5
          ],
          [
            11.651333,
            46.482355,
            2798.8
          ],
          [
            11.65146,
            46.482314,
            2803
          ],
          [
            11.651557,
            46.482262,
            2807.3
          ],
          [
            11.651628,
            46.482243,
            2811.6
          ],
          [
            11.651649,
            46.482266,
            2815.8
          ],
          [
            11.651649,
            46.482318,
            2820.1
          ],
          [
            11.651649,
            46.482373,
            2824.4
          ],
          [
            11.651605,
            46.482636,
            2828.6
          ],
          [
            11.651603,
            46.482553,
            2832.9
          ],
          [
            11.65154,
            46.482653,
            2837.2
          ],
          [
            11.651351,
            46.482743,
            2841.5
          ],
          [
            11.65073,
            46.482984,
            2845.7
          ],
          [
            11.650581,
            46.483058,
            2850
          ],
          [
            11.650461,
            46.483147,
            2848.4
          ],
          [
            11.650258,
            46.483331,
            2846.8
          ],
          [
            11.649983,
            46.483733,
            2845.2
          ],
          [
            11.649786,
            46.483869,
            2843.6
          ],
          [
            11.6496,
            46.484115,
            2842
          ],
          [
            11.649515,
            46.484215,
            2840.5
          ],
          [
            11.649482,
            46.484428,
            2838.9
          ],
          [
            11.649482,
            46.484492,
            2837.3
          ],
          [
            11.649461,
            46.484654,
            2835.7
          ],
          [
            11.649254,
            46.484751,
            2834.1
          ],
          [
            11.649024,
            46.484809,
            2832.5
          ],
          [
            11.648637,
            46.485067,
            2830.9
          ],
          [
            11.647799,
            46.485812,
            2829.3
          ],
          [
            11.647656,
            46.485895,
            2827.7
          ],
          [
            11.647509,
            46.48589,
            2826.1
          ],
          [
            11.647437,
            46.485844,
            2824.5
          ],
          [
            11.647374,
            46.485822,
            2823
          ],
          [
            11.64728,
            46.485854,
            2821.4
          ],
          [
            11.647193,
            46.48592,
            2819.8
          ],
          [
            11.647129,
            46.48593,
            2818.2
          ],
          [
            11.647077,
            46.485985,
            2816.6
          ],
          [
            11.647022,
            46.486116,
            2815
          ],
          [
            11.646931,
            46.486207,
            2813.4
          ],
          [
            11.646858,
            46.486293,
            2811.8
          ],
          [
            11.64675,
            46.48636,
            2810.2
          ],
          [
            11.646643,
            46.486378,
            2808.6
          ],
          [
            11.64658,
            46.486363,
            2807
          ],
          [
            11.646445,
            46.486401,
            2805.5
          ],
          [
            11.646292,
            46.486521,
            2803.9
          ],
          [
            11.646182,
            46.48658,
            2802.3
          ],
          [
            11.645859,
            46.486678,
            2800.7
          ],
          [
            11.645686,
            46.486809,
            2799.1
          ],
          [
            11.645489,
            46.486904,
            2797.5
          ],
          [
            11.645311,
            46.48698,
            2795.9
          ],
          [
            11.64523,
            46.487056,
            2794.3
          ],
          [
            11.645201,
            46.487094,
            2792.7
          ],
          [
            11.645095,
            46.48724,
            2791.1
          ],
          [
            11.645012,
            46.487301,
            2789.5
          ],
          [
            11.644931,
            46.487302,
            2788
          ],
          [
            11.644825,
            46.487362,
            2786.4
          ],
          [
            11.644615,
            46.487442,
            2784.8
          ],
          [
            11.644279,
            46.487584,
            2783.2
          ],
          [
            11.643958,
            46.4877,
            2781.6
          ],
          [
            11.643621,
            46.487792,
            2780
          ],
          [
            11.64343,
            46.48782,
            2777.3
          ],
          [
            11.643255,
            46.487849,
            2774.6
          ],
          [
            11.643161,
            46.487865,
            2771.9
          ],
          [
            11.642995,
            46.487902,
            2769.3
          ],
          [
            11.642898,
            46.48795,
            2766.6
          ],
          [
            11.642801,
            46.488089,
            2763.9
          ],
          [
            11.642614,
            46.488203,
            2761.2
          ],
          [
            11.642529,
            46.488242,
            2758.5
          ],
          [
            11.642485,
            46.488284,
            2755.8
          ],
          [
            11.642462,
            46.488576,
            2753.1
          ],
          [
            11.64243,
            46.48873,
            2750.4
          ],
          [
            11.642304,
            46.488922,
            2747.8
          ],
          [
            11.642248,
            46.489074,
            2745.1
          ],
          [
            11.642127,
            46.489336,
            2742.4
          ],
          [
            11.642053,
            46.489564,
            2739.7
          ],
          [
            11.641999,
            46.489712,
            2737
          ],
          [
            11.641988,
            46.489851,
            2734.3
          ],
          [
            11.642051,
            46.49015,
            2731.6
          ],
          [
            11.642059,
            46.490285,
            2729
          ],
          [
            11.642065,
            46.490326,
            2726.3
          ],
          [
            11.642004,
            46.490352,
            2723.6
          ],
          [
            11.641947,
            46.490419,
            2720.9
          ],
          [
            11.641895,
            46.490519,
            2718.2
          ],
          [
            11.64183,
            46.490554,
            2715.5
          ],
          [
            11.64176,
            46.490574,
            2712.8
          ],
          [
            11.641728,
            46.490627,
            2710.1
          ],
          [
            11.641683,
            46.490681,
            2707.5
          ],
          [
            11.641672,
            46.490751,
            2704.8
          ],
          [
            11.64162,
            46.490829,
            2702.1
          ],
          [
            11.641609,
            46.490955,
            2699.4
          ],
          [
            11.641581,
            46.491086,
            2696.7
          ],
          [
            11.641517,
            46.491187,
            2694
          ],
          [
            11.641473,
            46.491253,
            2691.3
          ],
          [
            11.641436,
            46.491309,
            2688.7
          ],
          [
            11.641403,
            46.491315,
            2686
          ],
          [
            11.641365,
            46.491283,
            2683.3
          ],
          [
            11.641336,
            46.491274,
            2680.6
          ],
          [
            11.64118,
            46.491313,
            2677.9
          ],
          [
            11.641067,
            46.491396,
            2675.2
          ],
          [
            11.64106,
            46.491426,
            2672.5
          ],
          [
            11.641073,
            46.491463,
            2669.9
          ],
          [
            11.641036,
            46.491526,
            2667.2
          ],
          [
            11.641018,
            46.491552,
            2664.5
          ],
          [
            11.640962,
            46.491554,
            2661.8
          ],
          [
            11.640921,
            46.491555,
            2659.1
          ],
          [
            11.640887,
            46.491571,
            2656.4
          ],
          [
            11.64085,
            46.491583,
            2653.7
          ],
          [
            11.640744,
            46.491527,
            2648.4
          ],
          [
            11.640717,
            46.491478,
            2645.7
          ],
          [
            11.640687,
            46.491413,
            2643
          ],
          [
            11.6407,
            46.491353,
            2640.3
          ],
          [
            11.640721,
            46.491269,
            2637.6
          ],
          [
            11.640661,
            46.4912,
            2634.9
          ],
          [
            11.640573,
            46.491136,
            2632.2
          ],
          [
            11.640467,
            46.491087,
            2629.6
          ],
          [
            11.640407,
            46.491056,
            2626.9
          ],
          [
            11.640378,
            46.491044,
            2624.2
          ],
          [
            11.640317,
            46.491049,
            2621.5
          ],
          [
            11.640264,
            46.491058,
            2618.8
          ],
          [
            11.640233,
            46.491068,
            2616.1
          ],
          [
            11.640216,
            46.49104,
            2613.4
          ],
          [
            11.640213,
            46.490989,
            2610.7
          ],
          [
            11.640074,
            46.490936,
            2608.1
          ],
          [
            11.640007,
            46.490904,
            2605.4
          ],
          [
            11.639949,
            46.490883,
            2602.7
          ],
          [
            11.639868,
            46.490838,
            2600
          ],
          [
            11.639763,
            46.490817,
            2596.5
          ],
          [
            11.63972,
            46.490829,
            2596.8
          ],
          [
            11.639676,
            46.490853,
            2596.3
          ],
          [
            11.639681,
            46.490894,
            2596.3
          ],
          [
            11.639639,
            46.490926,
            2596.8
          ],
          [
            11.639627,
            46.490977,
            2597.8
          ],
          [
            11.639547,
            46.491054,
            2602.5
          ],
          [
            11.639268,
            46.491186,
            2609.5
          ],
          [
            11.639238,
            46.491308,
            2612.3
          ],
          [
            11.638802,
            46.491595,
            2605.3
          ],
          [
            11.638638,
            46.491695,
            2604.3
          ],
          [
            11.638531,
            46.491746,
            2600
          ],
          [
            11.638495,
            46.491783,
            2597.8
          ],
          [
            11.638375,
            46.491816,
            2596.5
          ],
          [
            11.638057,
            46.491846,
            2592.5
          ],
          [
            11.637999,
            46.491878,
            2589.3
          ],
          [
            11.637902,
            46.491882,
            2585.5
          ],
          [
            11.637916,
            46.491935,
            2585
          ],
          [
            11.637885,
            46.491998,
            2583.3
          ],
          [
            11.637655,
            46.492079,
            2574.3
          ],
          [
            11.637592,
            46.492114,
            2571.3
          ],
          [
            11.637506,
            46.492125,
            2567.5
          ],
          [
            11.637432,
            46.4921,
            2567
          ],
          [
            11.637353,
            46.492051,
            2567.3
          ],
          [
            11.637274,
            46.49208,
            2565.3
          ],
          [
            11.637163,
            46.492161,
            2563
          ],
          [
            11.636798,
            46.49252,
            2558.8
          ],
          [
            11.636154,
            46.492747,
            2560.5
          ],
          [
            11.635654,
            46.493015,
            2556
          ],
          [
            11.635436,
            46.493211,
            2553.5
          ],
          [
            11.635176,
            46.493242,
            2552.3
          ],
          [
            11.634895,
            46.493405,
            2545.8
          ],
          [
            11.634867,
            46.493489,
            2542.5
          ],
          [
            11.63469,
            46.493578,
            2539.3
          ],
          [
            11.634598,
            46.49359,
            2538.8
          ],
          [
            11.634523,
            46.493663,
            2535.8
          ],
          [
            11.634366,
            46.493712,
            2532.3
          ],
          [
            11.634301,
            46.493766,
            2529.8
          ],
          [
            11.634024,
            46.493761,
            2527
          ],
          [
            11.633945,
            46.493776,
            2526.5
          ],
          [
            11.633884,
            46.493829,
            2525.5
          ],
          [
            11.633792,
            46.493993,
            2522.8
          ],
          [
            11.633636,
            46.49411,
            2523.3
          ],
          [
            11.633361,
            46.494227,
            2522.5
          ],
          [
            11.633127,
            46.494478,
            2517.8
          ],
          [
            11.633072,
            46.494511,
            2516.3
          ],
          [
            11.633016,
            46.494601,
            2512.3
          ],
          [
            11.632941,
            46.494635,
            2510.3
          ],
          [
            11.632791,
            46.494652,
            2508.8
          ],
          [
            11.632683,
            46.494647,
            2508
          ],
          [
            11.632251,
            46.494737,
            2503.5
          ],
          [
            11.632189,
            46.494764,
            2501.3
          ],
          [
            11.632149,
            46.494825,
            2498.3
          ],
          [
            11.632087,
            46.494834,
            2497
          ],
          [
            11.632048,
            46.494881,
            2495.3
          ],
          [
            11.631943,
            46.494879,
            2494
          ],
          [
            11.631916,
            46.494935,
            2492.8
          ],
          [
            11.631917,
            46.494988,
            2491.8
          ],
          [
            11.631961,
            46.495075,
            2487.3
          ],
          [
            11.632189,
            46.495161,
            2483
          ],
          [
            11.632241,
            46.495197,
            2481
          ],
          [
            11.632804,
            46.495256,
            2465
          ],
          [
            11.633163,
            46.495285,
            2452.3
          ],
          [
            11.633169,
            46.495336,
            2449.8
          ],
          [
            11.63339,
            46.495363,
            2445.3
          ],
          [
            11.633422,
            46.495439,
            2442.8
          ],
          [
            11.633592,
            46.495635,
            2438
          ],
          [
            11.633722,
            46.495819,
            2436.3
          ],
          [
            11.633798,
            46.495951,
            2437.3
          ],
          [
            11.633858,
            46.496256,
            2439
          ],
          [
            11.633902,
            46.496365,
            2439.8
          ],
          [
            11.633927,
            46.496522,
            2441.8
          ],
          [
            11.634187,
            46.496511,
            2440.8
          ],
          [
            11.63431,
            46.496422,
            2439
          ],
          [
            11.634404,
            46.496378,
            2438.3
          ],
          [
            11.634499,
            46.496359,
            2436.8
          ],
          [
            11.634804,
            46.496352,
            2431
          ],
          [
            11.635111,
            46.496333,
            2426.3
          ],
          [
            11.635383,
            46.496385,
            2421.8
          ],
          [
            11.635487,
            46.496376,
            2420.5
          ],
          [
            11.63554,
            46.49634,
            2419.5
          ],
          [
            11.635581,
            46.496262,
            2417.5
          ],
          [
            11.635583,
            46.496188,
            2416.8
          ],
          [
            11.635605,
            46.496097,
            2415.3
          ],
          [
            11.635674,
            46.49603,
            2411.5
          ],
          [
            11.635763,
            46.495999,
            2407.8
          ],
          [
            11.63585,
            46.496005,
            2405
          ],
          [
            11.636349,
            46.496145,
            2395.8
          ],
          [
            11.636468,
            46.496199,
            2391.8
          ],
          [
            11.63651,
            46.496324,
            2390.5
          ],
          [
            11.636441,
            46.496625,
            2387.3
          ],
          [
            11.636467,
            46.496785,
            2383.3
          ],
          [
            11.63645,
            46.496962,
            2380.5
          ],
          [
            11.636474,
            46.497075,
            2381.5
          ],
          [
            11.636678,
            46.49726,
            2374.8
          ],
          [
            11.636831,
            46.49733,
            2371.8
          ],
          [
            11.63701,
            46.497365,
            2366.8
          ],
          [
            11.637117,
            46.49745,
            2365.3
          ],
          [
            11.637287,
            46.497602,
            2363.5
          ],
          [
            11.637432,
            46.497657,
            2361.5
          ],
          [
            11.637739,
            46.497739,
            2356
          ],
          [
            11.638278,
            46.497807,
            2346.8
          ],
          [
            11.638739,
            46.497845,
            2338.3
          ],
          [
            11.639047,
            46.497909,
            2331.8
          ],
          [
            11.639362,
            46.498032,
            2328.5
          ],
          [
            11.639484,
            46.498052,
            2327.3
          ],
          [
            11.640325,
            46.498069,
            2313.3
          ],
          [
            11.640486,
            46.49803,
            2309.5
          ],
          [
            11.640758,
            46.497932,
            2303.3
          ],
          [
            11.641085,
            46.497763,
            2294.8
          ],
          [
            11.641245,
            46.497727,
            2290.8
          ],
          [
            11.641541,
            46.497708,
            2285.8
          ],
          [
            11.641697,
            46.497676,
            2282.5
          ],
          [
            11.641917,
            46.497581,
            2277.3
          ],
          [
            11.642474,
            46.49746,
            2272.5
          ],
          [
            11.642791,
            46.497383,
            2270.8
          ],
          [
            11.64296,
            46.49732,
            2269.5
          ],
          [
            11.643321,
            46.497238,
            2267
          ],
          [
            11.643808,
            46.497047,
            2260.8
          ],
          [
            11.643938,
            46.49702,
            2260
          ],
          [
            11.644102,
            46.497006,
            2260
          ],
          [
            11.644214,
            46.496966,
            2258.3
          ],
          [
            11.644338,
            46.496895,
            2257.5
          ],
          [
            11.644921,
            46.49667,
            2255.3
          ],
          [
            11.645495,
            46.496679,
            2252
          ],
          [
            11.646049,
            46.49673,
            2246.3
          ],
          [
            11.646468,
            46.496806,
            2241.5
          ],
          [
            11.647061,
            46.497002,
            2237.5
          ],
          [
            11.647853,
            46.497332,
            2230.8
          ],
          [
            11.648625,
            46.497473,
            2219
          ],
          [
            11.64893,
            46.497487,
            2213.3
          ],
          [
            11.649115,
            46.497483,
            2210.5
          ],
          [
            11.649405,
            46.497393,
            2209
          ],
          [
            11.649817,
            46.497279,
            2208
          ],
          [
            11.649893,
            46.497192,
            2206.3
          ],
          [
            11.650062,
            46.497096,
            2205.3
          ],
          [
            11.650234,
            46.496967,
            2202
          ],
          [
            11.650381,
            46.496944,
            2200
          ],
          [
            11.650902,
            46.496927,
            2196
          ],
          [
            11.651182,
            46.49683,
            2194.3
          ],
          [
            11.651583,
            46.496795,
            2192.3
          ],
          [
            11.651825,
            46.496786,
            2190
          ],
          [
            11.652062,
            46.496835,
            2189.3
          ],
          [
            11.652285,
            46.496866,
            2188.3
          ],
          [
            11.652491,
            46.496915,
            2187
          ],
          [
            11.652855,
            46.496969,
            2186.5
          ],
          [
            11.65287,
            46.497033,
            2188.8
          ],
          [
            11.653043,
            46.497158,
            2188.5
          ],
          [
            11.653245,
            46.49729,
            2186
          ],
          [
            11.653341,
            46.497388,
            2186.8
          ],
          [
            11.653561,
            46.497464,
            2184.8
          ],
          [
            11.653599,
            46.497511,
            2185.3
          ],
          [
            11.653879,
            46.497445,
            2185.5
          ],
          [
            11.654089,
            46.497358,
            2183.5
          ],
          [
            11.654217,
            46.497342,
            2183
          ],
          [
            11.654427,
            46.497349,
            2182.3
          ],
          [
            11.654986,
            46.497272,
            2182.3
          ],
          [
            11.655129,
            46.497297,
            2182.5
          ],
          [
            11.655508,
            46.497442,
            2181.3
          ],
          [
            11.655957,
            46.497586,
            2179
          ],
          [
            11.656168,
            46.497608,
            2176.8
          ],
          [
            11.656528,
            46.497749,
            2175
          ],
          [
            11.656729,
            46.497792,
            2175.8
          ],
          [
            11.656967,
            46.4978,
            2177.3
          ],
          [
            11.657276,
            46.497876,
            2179
          ],
          [
            11.657792,
            46.497705,
            2181.5
          ],
          [
            11.658848,
            46.497079,
            2188
          ],
          [
            11.659192,
            46.496954,
            2189.3
          ],
          [
            11.660233,
            46.496867,
            2190
          ],
          [
            11.6605,
            46.4968,
            2190.5
          ],
          [
            11.660867,
            46.496833,
            2192.5
          ],
          [
            11.661217,
            46.496767,
            2195.8
          ],
          [
            11.661382,
            46.496723,
            2195
          ],
          [
            11.661524,
            46.496649,
            2192.5
          ],
          [
            11.661716,
            46.49661,
            2192
          ],
          [
            11.661948,
            46.496554,
            2192.3
          ],
          [
            11.662733,
            46.49655,
            2194.3
          ],
          [
            11.662905,
            46.496677,
            2196.8
          ],
          [
            11.663072,
            46.496744,
            2197.5
          ],
          [
            11.663333,
            46.496783,
            2197.5
          ],
          [
            11.664217,
            46.49685,
            2197
          ],
          [
            11.664567,
            46.49685,
            2194.5
          ],
          [
            11.664867,
            46.4969,
            2194.8
          ],
          [
            11.665283,
            46.496983,
            2194.3
          ],
          [
            11.666095,
            46.497164,
            2192.3
          ],
          [
            11.666583,
            46.497315,
            2191.5
          ],
          [
            11.666698,
            46.497383,
            2192.8
          ],
          [
            11.666923,
            46.497767,
            2197.8
          ],
          [
            11.66702,
            46.497782,
            2198.5
          ],
          [
            11.667133,
            46.4978,
            2199.3
          ],
          [
            11.6674,
            46.49776,
            2203
          ],
          [
            11.667663,
            46.497731,
            2206.3
          ],
          [
            11.668017,
            46.497833,
            2211
          ],
          [
            11.668217,
            46.498117,
            2217.5
          ],
          [
            11.668499,
            46.498343,
            2223.8
          ],
          [
            11.668882,
            46.49848,
            2227.5
          ],
          [
            11.669364,
            46.498544,
            2232.3
          ],
          [
            11.669933,
            46.498717,
            2238.3
          ],
          [
            11.670233,
            46.498633,
            2237
          ],
          [
            11.670952,
            46.498667,
            2243.3
          ],
          [
            11.671388,
            46.498874,
            2245.3
          ],
          [
            11.672083,
            46.498917,
            2246.5
          ],
          [
            11.672383,
            46.498917,
            2248.8
          ],
          [
            11.672756,
            46.498817,
            2251.5
          ],
          [
            11.673185,
            46.498841,
            2255
          ],
          [
            11.67352,
            46.498853,
            2255
          ],
          [
            11.673737,
            46.498904,
            2255
          ],
          [
            11.673811,
            46.498966,
            2253.5
          ],
          [
            11.673849,
            46.499164,
            2250.8
          ],
          [
            11.674064,
            46.499349,
            2246.5
          ],
          [
            11.67445,
            46.4997,
            2241.3
          ],
          [
            11.674683,
            46.49985,
            2238.3
          ],
          [
            11.674883,
            46.49995,
            2235.5
          ],
          [
            11.675056,
            46.500072,
            2235.5
          ],
          [
            11.675361,
            46.500161,
            2231.8
          ],
          [
            11.675534,
            46.500231,
            2230.5
          ],
          [
            11.675817,
            46.500267,
            2226.8
          ],
          [
            11.67615,
            46.500283,
            2224.8
          ],
          [
            11.676567,
            46.500267,
            2220.5
          ],
          [
            11.676883,
            46.500333,
            2217.3
          ],
          [
            11.67735,
            46.5005,
            2210.5
          ],
          [
            11.67765,
            46.500667,
            2205
          ],
          [
            11.67785,
            46.500683,
            2206.5
          ],
          [
            11.678248,
            46.50073,
            2210.8
          ],
          [
            11.678577,
            46.50078,
            2210.5
          ],
          [
            11.678695,
            46.500785,
            2209.8
          ],
          [
            11.678984,
            46.500715,
            2208.5
          ],
          [
            11.679483,
            46.50055,
            2211.8
          ],
          [
            11.679612,
            46.500471,
            2214
          ],
          [
            11.679674,
            46.500426,
            2215.3
          ],
          [
            11.6797,
            46.5002,
            2216.3
          ],
          [
            11.679738,
            46.500062,
            2219.3
          ],
          [
            11.679786,
            46.500016,
            2220.8
          ],
          [
            11.679879,
            46.499953,
            2221.3
          ],
          [
            11.680108,
            46.499875,
            2223.8
          ],
          [
            11.6807,
            46.49965,
            2229.8
          ],
          [
            11.68125,
            46.499367,
            2236.8
          ],
          [
            11.681483,
            46.499217,
            2241.3
          ],
          [
            11.681598,
            46.499067,
            2242.3
          ],
          [
            11.681711,
            46.499001,
            2243.8
          ],
          [
            11.68185,
            46.499,
            2245.5
          ],
          [
            11.682352,
            46.499134,
            2248.3
          ],
          [
            11.682432,
            46.499155,
            2248.3
          ],
          [
            11.682555,
            46.499204,
            2249.3
          ],
          [
            11.682894,
            46.499247,
            2248
          ],
          [
            11.682983,
            46.499298,
            2249.8
          ],
          [
            11.683168,
            46.499261,
            2248.5
          ],
          [
            11.683369,
            46.499189,
            2249.3
          ],
          [
            11.68388,
            46.498829,
            2249.3
          ],
          [
            11.683983,
            46.4988,
            2248
          ],
          [
            11.684733,
            46.4989,
            2247.8
          ],
          [
            11.68505,
            46.498867,
            2249.5
          ],
          [
            11.685529,
            46.498919,
            2251
          ],
          [
            11.68593,
            46.498908,
            2252
          ],
          [
            11.6863,
            46.498867,
            2252.3
          ],
          [
            11.686567,
            46.498867,
            2253
          ],
          [
            11.687087,
            46.499136,
            2257
          ],
          [
            11.68745,
            46.49927,
            2259
          ],
          [
            11.687688,
            46.499371,
            2259.5
          ],
          [
            11.687742,
            46.499512,
            2262
          ],
          [
            11.687858,
            46.499664,
            2259.5
          ],
          [
            11.687733,
            46.499766,
            2263
          ],
          [
            11.687509,
            46.49988,
            2263.8
          ],
          [
            11.687396,
            46.499994,
            2261.8
          ],
          [
            11.687326,
            46.500083,
            2261
          ],
          [
            11.687133,
            46.5003,
            2260.3
          ],
          [
            11.687033,
            46.5005,
            2260.8
          ],
          [
            11.687038,
            46.500567,
            2259.8
          ],
          [
            11.686933,
            46.50075,
            2260.5
          ],
          [
            11.68696,
            46.500894,
            2257.8
          ],
          [
            11.686917,
            46.50105,
            2257.3
          ],
          [
            11.686784,
            46.501202,
            2261
          ],
          [
            11.686767,
            46.501317,
            2262
          ],
          [
            11.68695,
            46.501417,
            2260.8
          ],
          [
            11.687267,
            46.5015,
            2259.3
          ],
          [
            11.687433,
            46.50155,
            2258.3
          ],
          [
            11.687646,
            46.501617,
            2256.8
          ],
          [
            11.687817,
            46.501717,
            2256
          ],
          [
            11.687983,
            46.501867,
            2255
          ],
          [
            11.688233,
            46.502133,
            2254.5
          ],
          [
            11.68848,
            46.502563,
            2249.3
          ],
          [
            11.688671,
            46.502725,
            2248.8
          ],
          [
            11.689023,
            46.502988,
            2248.8
          ],
          [
            11.689193,
            46.50313,
            2249.3
          ],
          [
            11.689517,
            46.503267,
            2251
          ],
          [
            11.689817,
            46.503333,
            2255.3
          ],
          [
            11.690183,
            46.503367,
            2254.8
          ],
          [
            11.690433,
            46.503383,
            2255.8
          ],
          [
            11.690846,
            46.503364,
            2259.8
          ],
          [
            11.69133,
            46.503283,
            2264
          ],
          [
            11.6918,
            46.503217,
            2267.5
          ],
          [
            11.692217,
            46.503117,
            2270.5
          ],
          [
            11.692533,
            46.503083,
            2274.5
          ],
          [
            11.6931,
            46.502983,
            2278.5
          ],
          [
            11.693767,
            46.502917,
            2287
          ],
          [
            11.69405,
            46.5029,
            2290.3
          ],
          [
            11.694217,
            46.50295,
            2292.8
          ],
          [
            11.694583,
            46.503183,
            2292.5
          ],
          [
            11.694883,
            46.50335,
            2291.3
          ],
          [
            11.69515,
            46.50355,
            2289.5
          ],
          [
            11.695533,
            46.50375,
            2291.5
          ],
          [
            11.696283,
            46.503933,
            2299.5
          ],
          [
            11.696914,
            46.504047,
            2306.5
          ],
          [
            11.697112,
            46.504094,
            2308.3
          ],
          [
            11.697906,
            46.504197,
            2312.8
          ],
          [
            11.699116,
            46.504349,
            2308.3
          ],
          [
            11.699226,
            46.504358,
            2308
          ],
          [
            11.699345,
            46.504358,
            2308
          ],
          [
            11.699442,
            46.504346,
            2308.3
          ],
          [
            11.699951,
            46.504233,
            2305.8
          ],
          [
            11.699994,
            46.504231,
            2305.3
          ],
          [
            11.700087,
            46.504253,
            2305.3
          ],
          [
            11.700193,
            46.504319,
            2304.5
          ],
          [
            11.700246,
            46.504343,
            2304.3
          ],
          [
            11.700445,
            46.504457,
            2304
          ],
          [
            11.700539,
            46.504694,
            2303
          ],
          [
            11.700592,
            46.504721,
            2303.3
          ],
          [
            11.700691,
            46.50472,
            2303.8
          ],
          [
            11.700823,
            46.504686,
            2305
          ],
          [
            11.700915,
            46.504683,
            2304.5
          ],
          [
            11.700823,
            46.504686,
            2305
          ],
          [
            11.700691,
            46.50472,
            2303.8
          ],
          [
            11.700559,
            46.504769,
            2304
          ],
          [
            11.700473,
            46.504831,
            2304.3
          ],
          [
            11.700241,
            46.504967,
            2303.3
          ],
          [
            11.700084,
            46.505033,
            2302.5
          ],
          [
            11.69961,
            46.505265,
            2298.3
          ],
          [
            11.699462,
            46.505322,
            2296.3
          ],
          [
            11.698847,
            46.505722,
            2283
          ],
          [
            11.698723,
            46.505812,
            2277.8
          ],
          [
            11.698697,
            46.505883,
            2276.5
          ],
          [
            11.698643,
            46.505967,
            2275.3
          ],
          [
            11.698583,
            46.506037,
            2273.3
          ],
          [
            11.698351,
            46.506244,
            2261.8
          ],
          [
            11.698327,
            46.506289,
            2260.3
          ],
          [
            11.698354,
            46.506464,
            2260.8
          ],
          [
            11.698333,
            46.506514,
            2259.5
          ],
          [
            11.698218,
            46.506611,
            2255.5
          ],
          [
            11.698224,
            46.506642,
            2255.5
          ],
          [
            11.698184,
            46.506724,
            2254.5
          ],
          [
            11.698142,
            46.506922,
            2254
          ],
          [
            11.697999,
            46.507119,
            2251
          ],
          [
            11.697937,
            46.507266,
            2249.8
          ],
          [
            11.69793,
            46.507433,
            2250.3
          ],
          [
            11.697883,
            46.507524,
            2248.8
          ],
          [
            11.697721,
            46.507704,
            2246
          ],
          [
            11.697699,
            46.507798,
            2246.8
          ],
          [
            11.697683,
            46.507941,
            2244.5
          ],
          [
            11.697696,
            46.508011,
            2244.5
          ],
          [
            11.697745,
            46.508062,
            2245.3
          ],
          [
            11.697929,
            46.508156,
            2243
          ],
          [
            11.69796,
            46.508166,
            2242.8
          ],
          [
            11.697997,
            46.508166,
            2243.3
          ],
          [
            11.698082,
            46.508152,
            2244.5
          ],
          [
            11.698159,
            46.508164,
            2242.8
          ],
          [
            11.698468,
            46.508155,
            2240.5
          ],
          [
            11.698602,
            46.508212,
            2236.8
          ],
          [
            11.698679,
            46.50822,
            2237.8
          ],
          [
            11.698746,
            46.508268,
            2237
          ],
          [
            11.698809,
            46.508283,
            2237.8
          ],
          [
            11.698798,
            46.508348,
            2235.3
          ],
          [
            11.698849,
            46.508489,
            2236.3
          ],
          [
            11.698799,
            46.508629,
            2233
          ],
          [
            11.69882,
            46.508659,
            2233.3
          ],
          [
            11.698829,
            46.508724,
            2232
          ],
          [
            11.698842,
            46.508746,
            2231.8
          ],
          [
            11.698837,
            46.508766,
            2231
          ],
          [
            11.698848,
            46.508787,
            2230.8
          ],
          [
            11.698943,
            46.508835,
            2231.3
          ],
          [
            11.699028,
            46.508851,
            2231.3
          ],
          [
            11.699207,
            46.508913,
            2229.3
          ],
          [
            11.699309,
            46.50897,
            2227.8
          ],
          [
            11.699375,
            46.509017,
            2226
          ],
          [
            11.699436,
            46.509017,
            2226.8
          ],
          [
            11.699495,
            46.509032,
            2227
          ],
          [
            11.69963,
            46.509126,
            2224.8
          ],
          [
            11.699657,
            46.509134,
            2225
          ],
          [
            11.699756,
            46.50922,
            2223.5
          ],
          [
            11.699815,
            46.509292,
            2222.3
          ],
          [
            11.69991,
            46.509342,
            2222.8
          ],
          [
            11.699953,
            46.509416,
            2220.8
          ],
          [
            11.700006,
            46.509457,
            2220.8
          ],
          [
            11.700039,
            46.50955,
            2218.8
          ],
          [
            11.700021,
            46.509583,
            2217
          ],
          [
            11.700021,
            46.509604,
            2216.5
          ],
          [
            11.700042,
            46.509627,
            2216.3
          ],
          [
            11.700144,
            46.509658,
            2218.3
          ],
          [
            11.700251,
            46.509671,
            2220.8
          ],
          [
            11.700269,
            46.509698,
            2219.8
          ],
          [
            11.700237,
            46.509734,
            2217.8
          ],
          [
            11.700213,
            46.509779,
            2216.3
          ],
          [
            11.700161,
            46.509974,
            2211
          ],
          [
            11.700248,
            46.510083,
            2213.5
          ],
          [
            11.700286,
            46.510217,
            2214
          ],
          [
            11.700258,
            46.510265,
            2212
          ],
          [
            11.700172,
            46.51033,
            2207
          ],
          [
            11.700144,
            46.510395,
            2205
          ],
          [
            11.70024,
            46.51053,
            2205.5
          ],
          [
            11.700391,
            46.51064,
            2209
          ],
          [
            11.700385,
            46.510712,
            2208.8
          ],
          [
            11.700273,
            46.510792,
            2204
          ],
          [
            11.700255,
            46.510835,
            2203
          ],
          [
            11.70028,
            46.51088,
            2202.5
          ],
          [
            11.700274,
            46.510933,
            2200.8
          ],
          [
            11.700261,
            46.510957,
            2199.8
          ],
          [
            11.700306,
            46.511003,
            2200
          ],
          [
            11.700296,
            46.511076,
            2197.5
          ],
          [
            11.700454,
            46.511186,
            2198.8
          ],
          [
            11.700525,
            46.511298,
            2197.5
          ],
          [
            11.700529,
            46.511419,
            2194.3
          ],
          [
            11.700517,
            46.511535,
            2191.8
          ],
          [
            11.700523,
            46.511593,
            2191
          ],
          [
            11.700563,
            46.511652,
            2191.5
          ],
          [
            11.700598,
            46.511666,
            2192.5
          ],
          [
            11.700622,
            46.51179,
            2191
          ],
          [
            11.700676,
            46.511885,
            2191
          ],
          [
            11.700734,
            46.512105,
            2188.8
          ],
          [
            11.700815,
            46.512519,
            2183.5
          ],
          [
            11.700953,
            46.512782,
            2180.8
          ],
          [
            11.701038,
            46.513022,
            2178.5
          ],
          [
            11.701058,
            46.513222,
            2176
          ],
          [
            11.701001,
            46.51356,
            2172.5
          ],
          [
            11.700933,
            46.513637,
            2170.3
          ],
          [
            11.700889,
            46.513741,
            2171.8
          ],
          [
            11.700693,
            46.513827,
            2169
          ],
          [
            11.700593,
            46.5139,
            2169
          ],
          [
            11.700585,
            46.513948,
            2169.3
          ],
          [
            11.700465,
            46.514043,
            2167
          ],
          [
            11.700479,
            46.514078,
            2167.8
          ],
          [
            11.700337,
            46.514232,
            2166
          ],
          [
            11.700206,
            46.514424,
            2163.8
          ],
          [
            11.700026,
            46.514613,
            2161.3
          ],
          [
            11.69988,
            46.514796,
            2158
          ],
          [
            11.699783,
            46.515041,
            2158
          ],
          [
            11.699479,
            46.51536,
            2153.3
          ],
          [
            11.699219,
            46.515843,
            2148.8
          ],
          [
            11.699392,
            46.516106,
            2147
          ],
          [
            11.699415,
            46.516167,
            2147
          ],
          [
            11.699387,
            46.516456,
            2142.8
          ],
          [
            11.699414,
            46.516513,
            2143.5
          ],
          [
            11.699401,
            46.516565,
            2143
          ],
          [
            11.699355,
            46.516611,
            2141.5
          ],
          [
            11.699274,
            46.516785,
            2139.5
          ],
          [
            11.699232,
            46.516827,
            2138.8
          ],
          [
            11.699244,
            46.516885,
            2139.3
          ],
          [
            11.699234,
            46.516931,
            2139.3
          ],
          [
            11.699251,
            46.516971,
            2139.8
          ],
          [
            11.699243,
            46.51699,
            2139.8
          ],
          [
            11.69914,
            46.517056,
            2138.3
          ],
          [
            11.698975,
            46.517238,
            2134.8
          ],
          [
            11.69893,
            46.517655,
            2127.5
          ],
          [
            11.698959,
            46.517708,
            2128.3
          ],
          [
            11.698959,
            46.517806,
            2128
          ],
          [
            11.698937,
            46.517896,
            2126.8
          ],
          [
            11.698888,
            46.517931,
            2125.8
          ],
          [
            11.698882,
            46.517993,
            2125.5
          ],
          [
            11.698894,
            46.518086,
            2124.5
          ],
          [
            11.698866,
            46.518184,
            2123.8
          ],
          [
            11.698805,
            46.518494,
            2123
          ],
          [
            11.698809,
            46.518775,
            2123.5
          ],
          [
            11.698846,
            46.518842,
            2123.8
          ],
          [
            11.698858,
            46.518909,
            2124.3
          ],
          [
            11.698773,
            46.519033,
            2125
          ],
          [
            11.698755,
            46.519121,
            2125.3
          ],
          [
            11.698794,
            46.519163,
            2126.3
          ],
          [
            11.69881,
            46.51938,
            2124.5
          ],
          [
            11.698868,
            46.519411,
            2125
          ],
          [
            11.698945,
            46.519437,
            2124.8
          ],
          [
            11.699111,
            46.519556,
            2121.5
          ],
          [
            11.699172,
            46.519549,
            2121
          ],
          [
            11.699198,
            46.519562,
            2120
          ],
          [
            11.699061,
            46.519875,
            2114.5
          ],
          [
            11.699115,
            46.520242,
            2107.5
          ],
          [
            11.699236,
            46.520401,
            2101.5
          ],
          [
            11.699329,
            46.520701,
            2096
          ],
          [
            11.699395,
            46.520645,
            2093.5
          ],
          [
            11.699484,
            46.520825,
            2089.3
          ],
          [
            11.699563,
            46.52089,
            2085.3
          ],
          [
            11.699602,
            46.520889,
            2083.5
          ],
          [
            11.699671,
            46.520793,
            2081.3
          ],
          [
            11.699727,
            46.520657,
            2080
          ],
          [
            11.699833,
            46.520558,
            2076.8
          ],
          [
            11.699961,
            46.520524,
            2072.5
          ],
          [
            11.700056,
            46.520411,
            2070
          ],
          [
            11.700113,
            46.520355,
            2068.5
          ],
          [
            11.70019,
            46.520224,
            2068.3
          ],
          [
            11.700207,
            46.520206,
            2068.3
          ],
          [
            11.700272,
            46.520183,
            2067
          ],
          [
            11.700361,
            46.520171,
            2066.8
          ],
          [
            11.700457,
            46.520172,
            2066
          ],
          [
            11.700492,
            46.520179,
            2065.5
          ],
          [
            11.700513,
            46.520194,
            2065
          ],
          [
            11.700528,
            46.520236,
            2064
          ],
          [
            11.700573,
            46.520284,
            2063
          ],
          [
            11.700797,
            46.520447,
            2060.8
          ],
          [
            11.70096,
            46.520542,
            2058.3
          ],
          [
            11.701091,
            46.520601,
            2056.8
          ],
          [
            11.701126,
            46.520653,
            2055.5
          ],
          [
            11.70117,
            46.520685,
            2054.5
          ],
          [
            11.701269,
            46.520716,
            2053.5
          ],
          [
            11.70131,
            46.520747,
            2052.5
          ],
          [
            11.701341,
            46.520842,
            2049.8
          ],
          [
            11.70141,
            46.520888,
            2048.3
          ],
          [
            11.701407,
            46.520942,
            2046.8
          ],
          [
            11.70156,
            46.521096,
            2042.3
          ],
          [
            11.701577,
            46.521294,
            2036.8
          ],
          [
            11.701623,
            46.5214,
            2033.8
          ],
          [
            11.701929,
            46.521641,
            2025.8
          ],
          [
            11.702377,
            46.521821,
            2019.3
          ],
          [
            11.702484,
            46.521848,
            2016.5
          ],
          [
            11.702589,
            46.521822,
            2015
          ],
          [
            11.702724,
            46.521747,
            2013.8
          ],
          [
            11.702822,
            46.521675,
            2013
          ],
          [
            11.70296,
            46.521659,
            2011
          ],
          [
            11.703016,
            46.521643,
            2010.8
          ],
          [
            11.703302,
            46.521604,
            2008.8
          ],
          [
            11.703427,
            46.521638,
            2006.8
          ],
          [
            11.70348,
            46.521645,
            2006.3
          ],
          [
            11.703621,
            46.521618,
            2006.5
          ],
          [
            11.703773,
            46.521681,
            2003.8
          ],
          [
            11.703871,
            46.52169,
            2003.3
          ],
          [
            11.704039,
            46.521742,
            2000.8
          ],
          [
            11.704085,
            46.521763,
            1999.8
          ],
          [
            11.704197,
            46.521736,
            2000.5
          ],
          [
            11.704253,
            46.521749,
            2000.3
          ],
          [
            11.704414,
            46.52179,
            1998.8
          ],
          [
            11.704542,
            46.521858,
            1995.5
          ],
          [
            11.704641,
            46.521887,
            1994.3
          ],
          [
            11.704726,
            46.52193,
            1992
          ],
          [
            11.704854,
            46.521975,
            1991.8
          ],
          [
            11.704881,
            46.522018,
            1990.3
          ],
          [
            11.704933,
            46.522048,
            1989.3
          ],
          [
            11.705084,
            46.522066,
            1990
          ],
          [
            11.705177,
            46.522127,
            1987.8
          ],
          [
            11.705331,
            46.522195,
            1985.5
          ],
          [
            11.705463,
            46.52222,
            1985.8
          ],
          [
            11.705568,
            46.522265,
            1984.3
          ],
          [
            11.705693,
            46.522304,
            1982.5
          ],
          [
            11.705759,
            46.522308,
            1982.8
          ],
          [
            11.70614,
            46.522306,
            1985
          ],
          [
            11.706209,
            46.522349,
            1983.8
          ],
          [
            11.706216,
            46.522374,
            1982.8
          ],
          [
            11.706183,
            46.522455,
            1978.5
          ],
          [
            11.706248,
            46.522573,
            1975.5
          ],
          [
            11.70639,
            46.522715,
            1973.3
          ],
          [
            11.706495,
            46.522801,
            1970.8
          ],
          [
            11.70666,
            46.522903,
            1968
          ],
          [
            11.706856,
            46.52294,
            1967.5
          ],
          [
            11.706942,
            46.522926,
            1968.5
          ],
          [
            11.707022,
            46.522938,
            1968.3
          ],
          [
            11.707737,
            46.523004,
            1964.5
          ],
          [
            11.708012,
            46.523004,
            1964.3
          ],
          [
            11.70876,
            46.523026,
            1961.3
          ],
          [
            11.70961,
            46.522977,
            1958.3
          ],
          [
            11.709949,
            46.522813,
            1957
          ],
          [
            11.710156,
            46.522754,
            1958
          ],
          [
            11.710558,
            46.522694,
            1964.3
          ],
          [
            11.710923,
            46.522719,
            1954.8
          ],
          [
            11.711329,
            46.522655,
            1969.3
          ],
          [
            11.711973,
            46.522773,
            1962
          ],
          [
            11.712206,
            46.522828,
            1967.3
          ],
          [
            11.712518,
            46.522832,
            1973.8
          ],
          [
            11.712821,
            46.522935,
            1974.3
          ],
          [
            11.713438,
            46.522966,
            1985.5
          ],
          [
            11.714125,
            46.522962,
            1996.3
          ],
          [
            11.714399,
            46.522939,
            1998.5
          ],
          [
            11.714488,
            46.522899,
            2000.8
          ],
          [
            11.715008,
            46.522771,
            2006.3
          ],
          [
            11.71523,
            46.522752,
            2009.8
          ],
          [
            11.715542,
            46.522784,
            2015.3
          ],
          [
            11.71609,
            46.522904,
            2023.8
          ],
          [
            11.716685,
            46.522911,
            2032
          ],
          [
            11.717418,
            46.522563,
            2042.3
          ],
          [
            11.717916,
            46.522305,
            2048.8
          ],
          [
            11.718448,
            46.522161,
            2055.5
          ],
          [
            11.718785,
            46.522266,
            2054.5
          ],
          [
            11.718897,
            46.52233,
            2057.3
          ],
          [
            11.718943,
            46.522239,
            2059.3
          ],
          [
            11.719001,
            46.522208,
            2061.8
          ],
          [
            11.71907,
            46.522248,
            2063
          ],
          [
            11.71918,
            46.522456,
            2066.3
          ],
          [
            11.719354,
            46.52302,
            2080.3
          ],
          [
            11.719391,
            46.523082,
            2082.3
          ],
          [
            11.719436,
            46.523062,
            2084.5
          ],
          [
            11.719464,
            46.522993,
            2084.5
          ],
          [
            11.71965,
            46.522842,
            2089.8
          ],
          [
            11.719996,
            46.522635,
            2101.8
          ],
          [
            11.720071,
            46.522473,
            2103.5
          ],
          [
            11.720132,
            46.522367,
            2106
          ],
          [
            11.720229,
            46.522273,
            2110
          ],
          [
            11.720462,
            46.522083,
            2115.3
          ],
          [
            11.720755,
            46.521977,
            2123.8
          ],
          [
            11.720952,
            46.521853,
            2130.8
          ],
          [
            11.721244,
            46.521372,
            2143
          ],
          [
            11.721147,
            46.521226,
            2143.8
          ],
          [
            11.721189,
            46.521094,
            2147.8
          ],
          [
            11.72149,
            46.520904,
            2155
          ],
          [
            11.721718,
            46.520852,
            2160
          ],
          [
            11.721994,
            46.520714,
            2167
          ],
          [
            11.722143,
            46.520657,
            2170
          ],
          [
            11.722256,
            46.520649,
            2172.5
          ],
          [
            11.722332,
            46.520669,
            2174.3
          ],
          [
            11.722422,
            46.520665,
            2176.5
          ],
          [
            11.722528,
            46.520589,
            2179.3
          ],
          [
            11.722659,
            46.520699,
            2181.3
          ],
          [
            11.722813,
            46.520717,
            2184.8
          ],
          [
            11.722928,
            46.520698,
            2190.8
          ],
          [
            11.723025,
            46.520657,
            2197.8
          ],
          [
            11.723093,
            46.520604,
            2203.5
          ],
          [
            11.723169,
            46.520584,
            2207
          ],
          [
            11.723176,
            46.520547,
            2209
          ],
          [
            11.72313,
            46.520508,
            2208.3
          ],
          [
            11.723154,
            46.520466,
            2210.3
          ],
          [
            11.72327,
            46.520493,
            2214
          ],
          [
            11.723307,
            46.520471,
            2216.5
          ],
          [
            11.723338,
            46.52049,
            2217
          ],
          [
            11.723368,
            46.520417,
            2221.3
          ],
          [
            11.723435,
            46.520448,
            2222.8
          ],
          [
            11.723532,
            46.520428,
            2227.3
          ],
          [
            11.723594,
            46.520454,
            2229
          ],
          [
            11.72364,
            46.520435,
            2231
          ],
          [
            11.723692,
            46.520462,
            2231.3
          ],
          [
            11.723753,
            46.520415,
            2234.3
          ],
          [
            11.723818,
            46.52042,
            2235.5
          ],
          [
            11.723843,
            46.520262,
            2242.3
          ],
          [
            11.723945,
            46.520281,
            2243.8
          ],
          [
            11.72399,
            46.520226,
            2247
          ],
          [
            11.724103,
            46.520221,
            2249.3
          ],
          [
            11.723906,
            46.520011,
            2254.8
          ],
          [
            11.723838,
            46.519898,
            2257.5
          ]
        ]
      }
    },
    {
      "type": "Feature",
      "properties": {
        "kind": "waypoint",
        "name": "Rifugio Vajolet",
        "show_label": true
      },
      "geometry": {
        "type": "Point",
        "coordinates": [
          11.63288,
          46.458607,
          2241.5
        ]
      }
    },
    {
      "type": "Feature",
      "properties": {
        "kind": "waypoint",
        "name": "Passo Principe",
        "show_label": false
      },
      "geometry": {
        "type": "Point",
        "coordinates": [
          11.638945,
          46.474082,
          2598.3
        ]
      }
    },
    {
      "type": "Feature",
      "properties": {
        "kind": "waypoint",
        "name": "Ferrata Laurenzi",
        "show_label": true
      },
      "geometry": {
        "type": "Point",
        "coordinates": [
          11.650581,
          46.483058,
          2850
        ]
      }
    },
    {
      "type": "Feature",
      "properties": {
        "kind": "waypoint",
        "name": "Passo Duron",
        "show_label": false
      },
      "geometry": {
        "type": "Point",
        "coordinates": [
          11.653599,
          46.497511,
          2185.3
        ]
      }
    },
    {
      "type": "Feature",
      "properties": {
        "kind": "waypoint",
        "name": "Rifugio Sasso Piatto",
        "show_label": false
      },
      "geometry": {
        "type": "Point",
        "coordinates": [
          11.700915,
          46.504683,
          2304.5
        ]
      }
    },
    {
      "type": "Feature",
      "properties": {
        "kind": "waypoint",
        "name": "Langkofelhütte",
        "show_label": true
      },
      "geometry": {
        "type": "Point",
        "coordinates": [
          11.723838,
          46.519898,
          2257.5
        ]
      }
    }
  ]
}
